Name,Email,Country Code,Phone Number
,john.smith@yopmail.com,1,1234567890
Emily Johnson,emily@yopmail.com,,2345678901
Michael Williams,michael.williams@yopmail.com,33,3456789012
Sophia Brown,sophia.brown@yopmail.com,81,4567890123
William Jones,william.jones@yopmail.com,91,5678901234
Olivia Garcia,olivia.garcia@yopmail.com,86,6789012345
james miller,james.miller@yopmail.com,91,7890123456
Emma Davis,emma.davis@yopmail.com,91,8901234567
Alexander Rodriguez,alexander.rodriguez@yopmail.com,49,9012345678
Isabella Martinez,isabella.martinez@yopmail.com,39,12345678
,,,
,,,
,,,
,,,
,,,
,,,
username,,,
access_key : 
